{
	"Version": 3,
	"Meta": {
		"Duration": 2.6,
		"Fps": 30.0,
		"Loop": true,
		"AreBeziersRestricted": true,
		"CurveCount": 8,
		"TotalSegmentCount": 38,
		"TotalPointCount": 104,
		"UserDataCount": 0,
		"TotalUserDataSize": 0
	},
	"Curves": [
		{
			"Target": "Parameter",
			"Id": "ParamAngleX",
			"Segments": [
				0,
				0,
				1,
				0.233,
				0,
				0.467,
				-15.772,
				0.7,
				-17,
				1,
				0.933,
				-18.228,
				1.167,
				-18,
				1.4,
				-18,
				1,
				1.6,
				-18,
				1.8,
				0,
				2,
				0,
				0,
				2.6,
				0
			]
		},
		{
			"Target": "Parameter",
			"Id": "ParamAngleY",
			"Segments": [
				0,
				0,
				1,
				0.233,
				0,
				0.467,
				-12,
				0.7,
				-12,
				1,
				0.933,
				-12,
				1.167,
				-4.594,
				1.4,
				-2,
				1,
				1.6,
				0.223,
				1.8,
				0,
				2,
				0,
				0,
				2.6,
				0
			]
		},
		{
			"Target": "Parameter",
			"Id": "ParamAngleZ",
			"Segments": [
				0,
				0,
				1,
				0.467,
				0,
				0.933,
				-15,
				1.4,
				-15,
				1,
				1.6,
				-15,
				1.8,
				0,
				2,
				0,
				0,
				2.6,
				0
			]
		},
		{
			"Target": "Parameter",
			"Id": "ParamEyeBallX",
			"Segments": [
				0,
				0,
				1,
				0.2,
				0,
				0.4,
				-1,
				0.6,
				-1,
				1,
				1.067,
				-1,
				1.533,
				0,
				2,
				0,
				0,
				2.6,
				0
			]
		},
		{
			"Target": "Parameter",
			"Id": "ParamEyeBallY",
			"Segments": [
				0,
				0,
				1,
				0.2,
				0,
				0.4,
				-1,
				0.6,
				-1,
				1,
				1.067,
				-1,
				1.533,
				0,
				2,
				0,
				0,
				2.6,
				0
			]
		},
		{
			"Target": "Parameter",
			"Id": "Param23",
			"Segments": [
				0,
				0,
				1,
				0.256,
				1,
				0.511,
				1,
				0.767,
				1,
				1,
				1.211,
				1,
				1.656,
				1,
				2.1,
				1,
				1,
				2.233,
				1,
				2.367,
				0,
				2.5,
				0,
				0,
				2.6,
				0
			]
		},
		{
			"Target": "Parameter",
			"Id": "Param22",
			"Segments": [
				0,
				0,
				0,
				0.1,
				0,
				1,
				0.233,
				0.347,
				0.367,
				1,
				0.5,
				1,
				1,
				1.056,
				1,
				1.611,
				1,
				2.167,
				1,
				1,
				2.311,
				1,
				2.456,
				0,
				2.6,
				0
			]
		},
		{
			"Target": "Parameter",
			"Id": "Param25",
			"Segments": [
				0,
				0,
				0,
				0.367,
				0,
				1,
				0.444,
				0,
				0.522,
				1,
				0.6,
				1,
				1,
				0.611,
				1,
				0.622,
				0,
				0.633,
				0,
				1,
				0.711,
				0,
				0.789,
				1,
				0.867,
				1,
				1,
				0.878,
				1,
				0.889,
				0,
				0.9,
				0,
				1,
				0.989,
				0,
				1.078,
				1,
				1.167,
				1,
				1,
				1.178,
				1,
				1.189,
				0,
				1.2,
				0,
				1,
				1.322,
				0,
				1.444,
				1,
				1.567,
				1,
				1,
				1.578,
				1,
				1.589,
				0,
				1.6,
				0,
				1,
				1.711,
				0,
				1.822,
				1,
				1.933,
				1,
				1,
				1.944,
				1,
				1.956,
				0,
				1.967,
				0,
				1,
				2.1,
				0,
				2.233,
				1,
				2.367,
				1,
				0,
				2.6,
				1
			]
		}
	]
}