{
	"Version": 3,
	"Meta": {
		"Duration": 1.633,
		"Fps": 30.0,
		"Loop": true,
		"AreBeziersRestricted": true,
		"CurveCount": 3,
		"TotalSegmentCount": 9,
		"TotalPointCount": 30,
		"UserDataCount": 0,
		"TotalUserDataSize": 0
	},
	"Curves": [
		{
			"Target": "Parameter",
			"Id": "ParamEyeBallX",
			"Segments": [
				0,
				0,
				1,
				0.211,
				0,
				0.422,
				1,
				0.633,
				1,
				1,
				0.811,
				1,
				0.989,
				1,
				1.167,
				1,
				1,
				1.322,
				1,
				1.478,
				0,
				1.633,
				0
			]
		},
		{
			"Target": "Parameter",
			"Id": "ParamMouthForm",
			"Segments": [
				0,
				0,
				1,
				0.244,
				0,
				0.489,
				1,
				0.733,
				1,
				1,
				0.878,
				1,
				1.022,
				1,
				1.167,
				1,
				1,
				1.322,
				1,
				1.478,
				0,
				1.633,
				0
			]
		},
		{
			"Target": "Parameter",
			"Id": "Param21",
			"Segments": [
				0,
				0,
				1,
				0.211,
				0.95,
				0.422,
				1,
				0.633,
				1,
				1,
				0.811,
				1,
				0.989,
				1,
				1.167,
				1,
				1,
				1.322,
				1,
				1.478,
				0,
				1.633,
				0
			]
		}
	]
}