{
	"Version": 3,
	"Meta": {
		"Duration": 2.167,
		"Fps": 30.0,
		"Loop": true,
		"AreBeziersRestricted": true,
		"CurveCount": 4,
		"TotalSegmentCount": 18,
		"TotalPointCount": 48,
		"UserDataCount": 0,
		"TotalUserDataSize": 0
	},
	"Curves": [
		{
			"Target": "Parameter",
			"Id": "Param30",
			"Segments": [
				0,
				0,
				1,
				0.178,
				0,
				0.356,
				1,
				0.533,
				1,
				1,
				0.933,
				1,
				1.333,
				1,
				1.733,
				1,
				1,
				1.867,
				1,
				2,
				0,
				2.133,
				0,
				0,
				2.167,
				0
			]
		},
		{
			"Target": "Parameter",
			"Id": "Param31",
			"Segments": [
				0,
				0,
				1,
				0.167,
				0,
				0.333,
				1,
				0.5,
				1,
				1,
				0.644,
				1,
				0.789,
				0,
				0.933,
				0,
				1,
				1.067,
				0,
				1.2,
				1,
				1.333,
				1,
				1,
				1.456,
				1,
				1.578,
				0,
				1.7,
				0,
				1,
				1.844,
				0,
				1.989,
				1,
				2.133,
				1,
				0,
				2.167,
				1
			]
		},
		{
			"Target": "Parameter",
			"Id": "Param63",
			"Segments": [
				0,
				0,
				0,
				0.167,
				0,
				1,
				0.322,
				0.297,
				0.478,
				0.604,
				0.633,
				0.6,
				1,
				1.1,
				1,
				1.567,
				1,
				2.033,
				1,
				0,
				2.167,
				1
			]
		},
		{
			"Target": "Parameter",
			"Id": "Param64",
			"Segments": [
				0,
				0,
				0,
				0.167,
				0,
				1,
				0.289,
				0,
				0.411,
				1,
				0.533,
				1,
				1,
				0.922,
				1,
				1.311,
				1,
				1.7,
				1,
				1,
				1.856,
				1,
				2.011,
				0,
				2.167,
				0
			]
		}
	]
}