{
    "Type": "Live2D Expression",
    "Parameters": [
        {
            "Id": "CatParamLeftHandDown",
            "Value": 1.0,
            "Blend": "Add"
        },
        {
            "Id": "Param38",
            "Value": 0.0,
            "Blend": "Add"
        },
        {
            "Id": "Param39",
            "Value": 0.0,
            "Blend": "Add"
        },
        {
            "Id": "Param40",
            "Value": 0.0,
            "Blend": "Add"
        },
        {
            "Id": "Param41",
            "Value": 0.0,
            "Blend": "Add"
        },
        {
            "Id": "Param42",
            "Value": 0.0,
            "Blend": "Add"
        },
        {
            "Id": "Param43",
            "Value": 0.0,
            "Blend": "Add"
        },
        {
            "Id": "Param44",
            "Value": 0.0,
            "Blend": "Add"
        },
        {
            "Id": "Param45",
            "Value": 0.0,
            "Blend": "Add"
        },
        {
            "Id": "Param46",
            "Value": 1.0,
            "Blend": "Add"
        },
        {
            "Id": "Param47",
            "Value": 0.0,
            "Blend": "Add"
        },
        {
            "Id": "Param48",
            "Value": 0.0,
            "Blend": "Add"
        },
        {
            "Id": "Param49",
            "Value": 0.0,
            "Blend": "Add"
        },
        {
            "Id": "Param50",
            "Value": 0.0,
            "Blend": "Add"
        },
        {
            "Id": "Param51",
            "Value": 0.0,
            "Blend": "Add"
        },
        {
            "Id": "Param52",
            "Value": 0.0,
            "Blend": "Add"
        },
        {
            "Id": "Param53",
            "Value": 0.0,
            "Blend": "Add"
        },
        {
            "Id": "Param54",
            "Value": 0.0,
            "Blend": "Add"
        },
        {
            "Id": "Param55",
            "Value": 0.0,
            "Blend": "Add"
        },
        {
            "Id": "Param56",
            "Value": 0.0,
            "Blend": "Add"
        },
        {
            "Id": "Param57",
            "Value": 0.0,
            "Blend": "Add"
        },
        {
            "Id": "Param58",
            "Value": 0.0,
            "Blend": "Add"
        },
        {
            "Id": "Param59",
            "Value": 0.0,
            "Blend": "Add"
        },
        {
            "Id": "Param60",
            "Value": 0.0,
            "Blend": "Add"
        },
        {
            "Id": "Param61",
            "Value": 0.0,
            "Blend": "Add"
        },
        {
            "Id": "Param62",
            "Value": 0.0,
            "Blend": "Add"
        }
    ]
}