{
	"Version": 3,
	"FileReferences": {
		"Moc": "爱莉-VTS版.moc3",
		"Textures": [
			"爱莉-VTS版.8192/texture_00.png",
			"爱莉-VTS版.8192/texture_01.png"
		],
		"Physics": "爱莉-VTS版.physics3.json",
		"DisplayInfo": "爱莉-VTS版.cdi3.json"
	},
	"Groups": [
		{
			"Target": "Parameter",
			"Name": "LipSync",
			"Ids": [
				"ParamMouthForm",
				"ParamMouthOpenY"
			]
		},
		{
			"Target": "Parameter",
			"Name": "EyeBlink",
			"Ids": [
				"ParamEyeLOpen",
				"ParamEyeROpen"
			]
		}
	]
}