{
	"Version": 3,
	"Parameters": [
		{
			"Id": "ParamAngleX",
			"GroupId": "",
			"Name": "角度 X"
		},
		{
			"Id": "ParamAngleY",
			"GroupId": "",
			"Name": "角度 Y"
		},
		{
			"Id": "ParamAngleZ",
			"GroupId": "",
			"Name": "角度 Z"
		},
		{
			"Id": "ParamEyeLOpen",
			"GroupId": "",
			"Name": "左眼　开闭"
		},
		{
			"Id": "ParamEyeROpen",
			"GroupId": "",
			"Name": "右眼    开闭"
		},
		{
			"Id": "ParamEyeBallX",
			"GroupId": "",
			"Name": "眼珠 X"
		},
		{
			"Id": "ParamEyeBallY",
			"GroupId": "",
			"Name": "眼珠 Y"
		},
		{
			"Id": "ParamMouthForm",
			"GroupId": "",
			"Name": "嘴　变形"
		},
		{
			"Id": "ParamMouthOpenY",
			"GroupId": "",
			"Name": "嘴　张开和闭合"
		},
		{
			"Id": "ParamBreath",
			"GroupId": "",
			"Name": "呼吸"
		},
		{
			"Id": "ParamMouseX",
			"GroupId": "",
			"Name": "鼠标X"
		},
		{
			"Id": "ParamMouseY",
			"GroupId": "",
			"Name": "鼠标Y"
		},
		{
			"Id": "ParamMouseRightDown",
			"GroupId": "",
			"Name": "鼠标右键按下"
		},
		{
			"Id": "ParamMouseLeftDown",
			"GroupId": "",
			"Name": "鼠标左键按下"
		},
		{
			"Id": "CatParamLeftHandDown",
			"GroupId": "",
			"Name": "键盘按下"
		},
		{
			"Id": "Param65",
			"GroupId": "ParamGroup2",
			"Name": "侵蚀"
		},
		{
			"Id": "Param5",
			"GroupId": "ParamGroup2",
			"Name": "妖精小姐"
		},
		{
			"Id": "Param6",
			"GroupId": "ParamGroup2",
			"Name": "女仆形态"
		},
		{
			"Id": "Param36",
			"GroupId": "ParamGroup2",
			"Name": "背后装饰"
		},
		{
			"Id": "Param35",
			"GroupId": "ParamGroup2",
			"Name": "痴呆"
		},
		{
			"Id": "Param24",
			"GroupId": "ParamGroup2",
			"Name": "眯眯眼"
		},
		{
			"Id": "Param26",
			"GroupId": "ParamGroup2",
			"Name": "流泪眼"
		},
		{
			"Id": "Param27",
			"GroupId": "ParamGroup2",
			"Name": "星星眼"
		},
		{
			"Id": "Param33",
			"GroupId": "ParamGroup2",
			"Name": "脸红"
		},
		{
			"Id": "Param34",
			"GroupId": "ParamGroup2",
			"Name": "脸黑"
		},
		{
			"Id": "Param29",
			"GroupId": "ParamGroup2",
			"Name": "流汗"
		},
		{
			"Id": "Param30",
			"GroupId": "ParamGroup2",
			"Name": "剪刀"
		},
		{
			"Id": "Param31",
			"GroupId": "ParamGroup2",
			"Name": "剪刀开合"
		},
		{
			"Id": "Param32",
			"GroupId": "ParamGroup2",
			"Name": "吃西瓜"
		},
		{
			"Id": "Param21",
			"GroupId": "ParamGroup2",
			"Name": "黑框"
		},
		{
			"Id": "Param23",
			"GroupId": "ParamGroup2",
			"Name": "爱门出现"
		},
		{
			"Id": "Param22",
			"GroupId": "ParamGroup2",
			"Name": "书籍出现"
		},
		{
			"Id": "Param25",
			"GroupId": "ParamGroup2",
			"Name": "翻书"
		},
		{
			"Id": "Param28",
			"GroupId": "ParamGroup2",
			"Name": "疑问"
		},
		{
			"Id": "Param37",
			"GroupId": "ParamGroup2",
			"Name": "气泡切换"
		},
		{
			"Id": "Param63",
			"GroupId": "ParamGroup2",
			"Name": "剪掉移动"
		},
		{
			"Id": "Param64",
			"GroupId": "ParamGroup2",
			"Name": "剪掉透明度"
		},
		{
			"Id": "Param38",
			"GroupId": "ParamGroup3",
			"Name": "5"
		},
		{
			"Id": "Param39",
			"GroupId": "ParamGroup3",
			"Name": "4"
		},
		{
			"Id": "Param40",
			"GroupId": "ParamGroup3",
			"Name": "3"
		},
		{
			"Id": "Param41",
			"GroupId": "ParamGroup3",
			"Name": "2"
		},
		{
			"Id": "Param42",
			"GroupId": "ParamGroup3",
			"Name": "1"
		},
		{
			"Id": "Param43",
			"GroupId": "ParamGroup3",
			"Name": "T"
		},
		{
			"Id": "Param44",
			"GroupId": "ParamGroup3",
			"Name": "R"
		},
		{
			"Id": "Param45",
			"GroupId": "ParamGroup3",
			"Name": "E"
		},
		{
			"Id": "Param46",
			"GroupId": "ParamGroup3",
			"Name": "W"
		},
		{
			"Id": "Param47",
			"GroupId": "ParamGroup3",
			"Name": "Q"
		},
		{
			"Id": "Param48",
			"GroupId": "ParamGroup3",
			"Name": "G"
		},
		{
			"Id": "Param49",
			"GroupId": "ParamGroup3",
			"Name": "F"
		},
		{
			"Id": "Param50",
			"GroupId": "ParamGroup3",
			"Name": "D"
		},
		{
			"Id": "Param51",
			"GroupId": "ParamGroup3",
			"Name": "S"
		},
		{
			"Id": "Param52",
			"GroupId": "ParamGroup3",
			"Name": "A"
		},
		{
			"Id": "Param53",
			"GroupId": "ParamGroup3",
			"Name": "B"
		},
		{
			"Id": "Param54",
			"GroupId": "ParamGroup3",
			"Name": "V"
		},
		{
			"Id": "Param55",
			"GroupId": "ParamGroup3",
			"Name": "C"
		},
		{
			"Id": "Param56",
			"GroupId": "ParamGroup3",
			"Name": "X"
		},
		{
			"Id": "Param57",
			"GroupId": "ParamGroup3",
			"Name": "Z"
		},
		{
			"Id": "Param58",
			"GroupId": "ParamGroup3",
			"Name": "Enter"
		},
		{
			"Id": "Param59",
			"GroupId": "ParamGroup3",
			"Name": "空格"
		},
		{
			"Id": "Param60",
			"GroupId": "ParamGroup3",
			"Name": "Alt"
		},
		{
			"Id": "Param61",
			"GroupId": "ParamGroup3",
			"Name": "Ctrl"
		},
		{
			"Id": "Param62",
			"GroupId": "ParamGroup3",
			"Name": "Shift"
		},
		{
			"Id": "Param",
			"GroupId": "ParamGroup",
			"Name": "右眼xy1"
		},
		{
			"Id": "Param2",
			"GroupId": "ParamGroup",
			"Name": "右眼xy2"
		},
		{
			"Id": "Param3",
			"GroupId": "ParamGroup",
			"Name": "左眼xy1"
		},
		{
			"Id": "Param4",
			"GroupId": "ParamGroup",
			"Name": "左眼xy2"
		},
		{
			"Id": "Param7",
			"GroupId": "ParamGroup",
			"Name": "头发1x1"
		},
		{
			"Id": "Param8",
			"GroupId": "ParamGroup",
			"Name": "头发1x2"
		},
		{
			"Id": "Param9",
			"GroupId": "ParamGroup",
			"Name": "头发2x1"
		},
		{
			"Id": "Param10",
			"GroupId": "ParamGroup",
			"Name": "头发2x2"
		},
		{
			"Id": "Param11",
			"GroupId": "ParamGroup",
			"Name": "后发1x1"
		},
		{
			"Id": "Param12",
			"GroupId": "ParamGroup",
			"Name": "后发1x2"
		},
		{
			"Id": "Param13",
			"GroupId": "ParamGroup",
			"Name": "前发y1"
		},
		{
			"Id": "Param14",
			"GroupId": "ParamGroup",
			"Name": "前发y2"
		},
		{
			"Id": "Param15",
			"GroupId": "ParamGroup",
			"Name": "侧发y1"
		},
		{
			"Id": "Param16",
			"GroupId": "ParamGroup",
			"Name": "侧发y2"
		},
		{
			"Id": "Param17",
			"GroupId": "ParamGroup",
			"Name": "肩发y1"
		},
		{
			"Id": "Param18",
			"GroupId": "ParamGroup",
			"Name": "肩发y2"
		},
		{
			"Id": "Param19",
			"GroupId": "ParamGroup",
			"Name": "后发y1"
		},
		{
			"Id": "Param20",
			"GroupId": "ParamGroup",
			"Name": "后发y2"
		}
	],
	"ParameterGroups": [
		{
			"Id": "ParamGroup2",
			"GroupId": "",
			"Name": "表情"
		},
		{
			"Id": "ParamGroup3",
			"GroupId": "",
			"Name": "按键"
		},
		{
			"Id": "ParamGroup",
			"GroupId": "",
			"Name": "物理效果"
		}
	],
	"Parts": [
		{
			"Id": "Part20",
			"Name": "按键"
		},
		{
			"Id": "Part",
			"Name": "爱莉"
		},
		{
			"Id": "Part15",
			"Name": "书籍"
		},
		{
			"Id": "Part18",
			"Name": "剪刀"
		},
		{
			"Id": "Part2",
			"Name": "主体"
		},
		{
			"Id": "Part3",
			"Name": "人物前"
		},
		{
			"Id": "Part12",
			"Name": "人物 后"
		},
		{
			"Id": "Part23",
			"Name": "侵蚀饰品"
		},
		{
			"Id": "Part4",
			"Name": "女仆花带"
		},
		{
			"Id": "Part5",
			"Name": "黑飘带"
		},
		{
			"Id": "Part6",
			"Name": "律者饰品"
		},
		{
			"Id": "Part14",
			"Name": "前透明发"
		},
		{
			"Id": "Part7",
			"Name": "眼睛"
		},
		{
			"Id": "Part10",
			"Name": "猫耳"
		},
		{
			"Id": "Part11",
			"Name": "阴影组"
		},
		{
			"Id": "Part19",
			"Name": "西瓜"
		},
		{
			"Id": "Part13",
			"Name": "铃铛"
		},
		{
			"Id": "Part16",
			"Name": "右星星"
		},
		{
			"Id": "Part17",
			"Name": "左星星"
		},
		{
			"Id": "Part8",
			"Name": "蓝色眼睛"
		},
		{
			"Id": "Part9",
			"Name": "紫色眼睛"
		}
	],
	"CombinedParameters": [
		[
			"ParamAngleX",
			"ParamAngleY"
		]
	]
}